{
  "experiment_info": {
    "dataset_size": 50000,
    "num_folds": 5,
    "frozen_backbone": true,
    "batch_size": 64,
    "epochs_per_fold": 5
  },
  "performance_metrics": {
    "mean_accuracy": 0.57316,
    "std_accuracy": 0.0038018942647054343,
    "mean_f1": 0.5417529685651801,
    "std_f1": 0.008529644681464043,
    "mean_kappa": 0.09400640372458287,
    "std_kappa": 0.007333489589130618,
    "total_training_time": 6.806872717539469,
    "best_fold": {
      "fold": 2,
      "accuracy": 0.5783,
      "f1_score": 0.5361527796651261,
      "kappa": 0.0960597981844713,
      "training_history": {
        "train_loss": [
          0.6798700366973877,
          0.6745592588424683,
          0.6729294396400451,
          0.6723696928977966,
          0.6724247018814087
        ],
        "train_acc": [
          0.5692,
          0.583775,
          0.58535,
          0.584775,
          0.582625
        ],
        "val_loss": [
          0.6826754500911494,
          0.6802767638567906,
          0.6818327180519226,
          0.677861102637212,
          0.6760212536070757
        ],
        "val_acc": [
          0.5739,
          0.5759,
          0.5758,
          0.5799,
          0.5783
        ]
      },
      "confusion_matrix": [
        [
          4673,
          884
        ],
        [
          3333,
          1110
        ]
      ],
      "training_time_minutes": 1.0739426652590434,
      "samples_train": 40000,
      "samples_val": 10000
    }
  },
  "fold_details": [
    {
      "fold": 1,
      "accuracy": 0.5743,
      "f1_score": 0.532987361257217,
      "kappa": 0.088312825761654,
      "training_history": {
        "train_loss": [
          0.6812513513565064,
          0.6746018329620361,
          0.6735313470840454,
          0.6722089618682862,
          0.6726918575286865
        ],
        "train_acc": [
          0.567,
          0.580925,
          0.5841,
          0.584125,
          0.58625
        ],
        "val_loss": [
          0.6845603767473987,
          0.6823374325302756,
          0.6830473122703042,
          0.6809130189525094,
          0.680149906000514
        ],
        "val_acc": [
          0.5635,
          0.5672,
          0.5715,
          0.5682,
          0.5743
        ]
      },
      "confusion_matrix": [
        [
          4634,
          923
        ],
        [
          3334,
          1109
        ]
      ],
      "training_time_minutes": 1.218809962272644,
      "samples_train": 40000,
      "samples_val": 10000
    },
    {
      "fold": 2,
      "accuracy": 0.5783,
      "f1_score": 0.5361527796651261,
      "kappa": 0.0960597981844713,
      "training_history": {
        "train_loss": [
          0.6798700366973877,
          0.6745592588424683,
          0.6729294396400451,
          0.6723696928977966,
          0.6724247018814087
        ],
        "train_acc": [
          0.5692,
          0.583775,
          0.58535,
          0.584775,
          0.582625
        ],
        "val_loss": [
          0.6826754500911494,
          0.6802767638567906,
          0.6818327180519226,
          0.677861102637212,
          0.6760212536070757
        ],
        "val_acc": [
          0.5739,
          0.5759,
          0.5758,
          0.5799,
          0.5783
        ]
      },
      "confusion_matrix": [
        [
          4673,
          884
        ],
        [
          3333,
          1110
        ]
      ],
      "training_time_minutes": 1.0739426652590434,
      "samples_train": 40000,
      "samples_val": 10000
    },
    {
      "fold": 3,
      "accuracy": 0.5673,
      "f1_score": 0.5496286455319942,
      "kappa": 0.09360521406376143,
      "training_history": {
        "train_loss": [
          0.6808103852272034,
          0.6743431785583496,
          0.6725255793571472,
          0.6727938598632812,
          0.6719011081695556
        ],
        "train_acc": [
          0.5683,
          0.5819,
          0.582125,
          0.58655,
          0.585975
        ],
        "val_loss": [
          0.6833640701451879,
          0.6818402956245811,
          0.6829371431450935,
          0.6792517589156035,
          0.6778268730564482
        ],
        "val_acc": [
          0.5566,
          0.5603,
          0.5618,
          0.5645,
          0.5673
        ]
      },
      "confusion_matrix": [
        [
          4130,
          1427
        ],
        [
          2900,
          1543
        ]
      ],
      "training_time_minutes": 1.8726126392682394,
      "samples_train": 40000,
      "samples_val": 10000
    },
    {
      "fold": 4,
      "accuracy": 0.5752,
      "f1_score": 0.554284822390412,
      "kappa": 0.10660867306319166,
      "training_history": {
        "train_loss": [
          0.6804125915527344,
          0.6751016876220703,
          0.6739086797714233,
          0.673030639076233,
          0.6738576759338379
        ],
        "train_acc": [
          0.567075,
          0.5797,
          0.581475,
          0.5849,
          0.58435
        ],
        "val_loss": [
          0.6818988421919999,
          0.6811649131167467,
          0.6792113524713334,
          0.6779457708452917,
          0.6756642563327863
        ],
        "val_acc": [
          0.5616,
          0.5667,
          0.5694,
          0.5702,
          0.5752
        ]
      },
      "confusion_matrix": [
        [
          4256,
          1300
        ],
        [
          2948,
          1496
        ]
      ],
      "training_time_minutes": 1.5456100543340048,
      "samples_train": 40000,
      "samples_val": 10000
    },
    {
      "fold": 5,
      "accuracy": 0.5707,
      "f1_score": 0.5357112339811513,
      "kappa": 0.08544550754983593,
      "training_history": {
        "train_loss": [
          0.6800685991287232,
          0.6755973910331726,
          0.6742003081321716,
          0.6722689719200134,
          0.6732012474060058
        ],
        "train_acc": [
          0.568175,
          0.580975,
          0.58275,
          0.586525,
          0.586125
        ],
        "val_loss": [
          0.6845154754675118,
          0.6844907619391277,
          0.6833091858465961,
          0.6838569079235102,
          0.6797860038887923
        ],
        "val_acc": [
          0.5565,
          0.5583,
          0.5612,
          0.5644,
          0.5707
        ]
      },
      "confusion_matrix": [
        [
          4507,
          1049
        ],
        [
          3244,
          1200
        ]
      ],
      "training_time_minutes": 1.0958973964055378,
      "samples_train": 40000,
      "samples_val": 10000
    }
  ]
}